insert into team values("Arsenal", "London", "26785123");
insert into team values("Chelsea", "London", "34125124");
insert into team values("Tottenham", "London", "44415133");
insert into team values("Liverpool FC", "Liverpool", "39987123");
insert into team values("Manchester United", "Manchester", "29871002");
insert into team values("Manchester City", "Manchester", "48120098");
insert into team values("Everton", "Liverpool", "30091679");
insert into team values("Leicester City", "Leicester", "28743007");
insert into team values("Wolverhampton Wanderers", "Wolverhampton", "44309711");
insert into team values("Newcastle United", "Newcastle", "33410985");
insert into team values("Crystal Palace", "London", "25889061");
insert into team values("Brighton", "Sussex", "22341880");
insert into team values("Southampto FC", "Hampshire", "22355781");
insert into team values("West Ham United", "London", "34155651");
insert into team values("Aston Villa", "London", "45128093");
insert into team values("Watford FC", "Watford", "22213651");
insert into team values("Norwich City", "Norwich", "23556100");
insert into team values("AFC Bournemouth", "Boscombe", "33511876");
insert into team values("Burnley FC", "Burnley", "40987011");

insert into stadium values("Emirates", "Arsenal", "Hornsey Rd, London N7 7AJ", "60000", "Grass", "A");
insert into stadium values("Tottenham Hotspur Stadium", "Tottenham", "782 High Rd, Tottenham, London N17 0BX", "65000", "Hybrid Grass", "B");
insert into stadium values("Old Trafford", "Manchester United", "Greater Manchester", "70000", "Grass", "A");
insert into stadium values("Ethiad", "Manchester City", "UCFB Ethiad Campus", "58000", "Grass", "A");
insert into stadium values("Anfield", "Liverpool FC", "Anfield Rd, Anfield, Liverpool L4 0TH", "54000", "Hybrid Grass", "B");
insert into stadium values("Stamford Bridge", "Chelsea", " Fulham Rd, Fulham, London SW6 1HS", "62000", "Grass", "A");
insert into stadium values("King Power", "Leicester City", "Filbert Way, Leicester LE2 7FL", "32000", "Grass", "B");
insert into stadium values("Turf Moor", "Burnley FC", "52-56 Harry Potts Way, Burnley BB10 4BX", "23000", "Astro Turf", "C");
insert into stadium values("Amex", "Brighton", "Village Way, Brighton BN1 9BL", "30000", "Hybrid Grass", "C");
insert into stadium values("Vitality Stadium", "AFC Bournemouth", "Boscombe, Bournemouth BH7 7AF", "12000", "Astro Turf", "D");
insert into stadium values("Villa Park","Aston Villa", "122 CJ West London", "42000", "Grass", "B");
insert into stadium values("Selhurst Park", "Crystal Palace", "Holmesdale Rd, Selhurst, London SE25 6PU", "24000", "Astro Turf", "C");
insert into stadium values("Goodison Park", "Everton", "Goodison Rd, Liverpool L4 4EL", "38000", "Grass", "B");
insert into stadium values("St James' Park", "Newcastle United", "Barrack Rd, Newcastle upon Tyne NE1 4ST", "51000", "Hybrid Grass", "B");
insert into stadium values("Carrow Road", "Norwich City", "Carrow Rd, Norwich NR1 3JE", "27000", "Grass", "C");
insert into stadium values("Bramall Lane", "Sheffield United", "Bramall Ln, Highfield, Sheffield S2 4SU", "32500", "Hybrid Grass", "C");
insert into stadium values("St Mary's", "Southampton FC", "Britannia Rd, Southampton SO14 5FP", "31000", "Grass", "B");
insert into stadium values("Vicarage Road", "Watford FC", "Vicarage Rd, Watford WD18 0ER", "19000", "Astro Turf", "B");
insert into stadium values("London Stadium", "West Ham United", "#226 East London", "45000", "Grass", "A");
insert into stadium values("Molineux","Wolverhampton Wanderers", "Waterloo Rd, Wolverhampton WV1 4QR","29000" "Hybrid Grass", "C");

insert into manager values("Eddie Howe", "AFC Bournemouth", "ABC111", "1976-08-23", "England");
insert into manager values("Sean Dyche","Burnley FC","ABC112", "1980-04-23", "England");
insert into manager values("Jürgen Klopp" ,"Liverpool FC", "ABC102", "1978-07-03", "German");
insert into manager values("Chris Wilder", "Sheffield United", "ABC150", "1969-04-01", "England");
insert into manager values("Pep Guardiola", "Manchester City","ABC103", "1982-01-09", "Spain");
insert into manager values("Daniel Farke", "Norwich City", "ABC002", "1977-05-15", "German");
insert into manager values("Mikel Arteta", "Arsenal", "ABC007", "1976-05-05", "Spain");
insert into manager values("Jose Mourinho", "Tottenham", "ABC069", "1973-09-10", "Portugal");
insert into manager values("Nuno Espírito Santo", "Wolverhampton Wanderers", "ABC065", "1970-07-04", "Portugal");
insert into manager values("Dean Smith", "Aston Villa", "ABC449", "1972-08-30", "English");
insert into manager values("Ralph Hasenhüttl", "Southampton FC", "ABC060", "1973-09-10", "Austria");
insert into manager values("Ole Gunnar Solskjær", "Manchester United", "ABC006", "1971-12-16", "Norway");
insert into manager values("Brendan Rodgers", "Leicester City", "ABC779", "1979-10-18", "English");
insert into manager values("Graham Potter", "Brighton", "ABC159", "1965-07-03", "England");
insert into manager values("Roy Hodgson", "Crystal Palace", "ABC139", "1965-11-23", "England");
insert into manager values("Frank Lampard", "Chelsea", "ABC019", "1982-07-29", "England");
insert into manager values("Steve Bruce", "Newcastle United", "ABC086", "1968-10-20", "England");
insert into manager values("David Moyes", "West Ham United", "ABC200", "1973-06-09", "Scotland");
insert into manager values("Nigel Pearson", "Watford FC", "ABC023", "1971-03-17", "England");
insert into manager values("Carlo Ancelotti", "Everton", "ABC030", "1964-04-07", "Italy");


insert into referee values("Kevin Friend","XYZ123","1980-02-01", "England");
insert into referee values("John Moss","XYZ100","1975-04-10", "England");
insert into referee values("Mark Webber","XYZ069","1979-08-29", "England");
insert into referee values("Mark Aktinson","XYZ007","1981-09-13", "England");
insert into referee values("Mike Dean","XYZ009","1980-06-23", "England");


insert into team_stat values("AFC Bournemouth", 0, 0, 0, 0, 0, 1);
insert into team_stat values("Arsenal", 0, 0, 0, 0, 0, 2);
insert into team_stat values("Aston Villa", 0, 0, 0, 0, 0, 3);
insert into team_stat values("Brighton", 0, 0, 0, 0, 0, 4);
insert into team_stat values("Burnley FC", 0, 0, 0, 0, 0, 5);
insert into team_stat values("Chelsea", 0, 0, 0, 0, 0, 6);
insert into team_stat values("Crystal Palace", 0, 0, 0, 0, 0, 7);
insert into team_stat values("Everton", 0, 0, 0, 0, 0, 8);
insert into team_stat values("Leicester City", 0, 0, 0, 0, 0, 9);
insert into team_stat values("Liverpool FC", 0, 0, 0, 0, 0, 10);
insert into team_stat values("Manchester City", 0, 0, 0, 0, 0, 11);
insert into team_stat values("Manchester United", 0, 0, 0, 0, 0, 12);
insert into team_stat values("Newcastle United", 0, 0, 0, 0, 0, 13);
insert into team_stat values("Norwich City", 0, 0, 0, 0, 0, 14);
insert into team_stat values("Sheffield United", 0, 0, 0, 0, 0, 15);
insert into team_stat values("Southampton FC", 0, 0, 0, 0, 0, 16);
insert into team_stat values("Tottenham", 0, 0, 0, 0, 0, 17);
insert into team_stat values("Watford FC", 0, 0, 0, 0, 0, 18);
insert into team_stat values("West Ham United", 0, 0, 0, 0, 0, 19);
insert into team_stat values("Wolverhampton Wanderers", 0, 0, 0, 0, 0, 20);

insert into game values("RT000", 1, "Arsenal", "Manchester United", "2020-1-10 16:30:00", "XYZ123");
insert into game values("RT001", 1, "Liverpool FC", "Manchester City", "2020-1-10 18:30:00", "XYZ100");
insert into game values("RT002", 1, "Chelsea", "Tottenham", "2020-01-11 17:00:00", "XYZ123");
insert into game values("RT003", 1, "Leicester City", "Wolverhampton Wanderers", "2020-01-12 19:30:00", "XYZ069");
insert into game values("RT004", 1, "Burnley FC", "Southampton FC", "2020-01-12 17:00:00", "XYZ007");
insert into game values("RT005", 1, "Watford FC", "West Ham United", "2020-01-12 16:45:00", "XYZ009");
insert into game values("RT006", 1, "Norwich City", "Sheffield United", "2020-01-13 17:00:00", "XYZ123");
insert into game values("RT007", 1, "Crystal Palace", "Everton", "2020-01-13 18:00:00", "XYZ100");
insert into game values("RT008", 1, "Aston Villa", "Newcastle United", "2020-01-11 18:15:00", "XYZ069");
insert into game values("RT009", 1, "AFC Bournemouth", "Brighton", "2020-01-13 17:45:00", "XYZ007");	


insert into player values('PQR000','Alex Lacazzete','1995-09-21','France','Arsenal',9);
insert into player values('PQR001','Peire Aubameyang','1990-04-18','Gabon','Arsenal',14);
insert into player values('PQR002','Mesut Ozil','1989-05-11','German','Arsenal',11);
insert into player values('PQR003','Tammy Abraham','1999-02-17','England','Chelsea',10);
insert into player values('PQR004','Loftus Cheek','1996-12-25','England','Chelsea',11);
insert into player values('PQR005','Anthony Martial','1997-08-20','France','Manchester United',11);
insert into player values('PQR006','Bruno Fernandes','1996-10-01','Portugal','Manchester United',7);
insert into player values('PQR007','Sergi Aguero','1988-07-13','Argetina','Manchester City',10);
insert into player values('PQR008','Kevin De Bryna','1995-05-15','Belgium','Manchester City',15);
insert into player values('PQR009','Roberto Firmino','1994-06-11','Brazil','Liverpool FC',9);
insert into player values('PQR010','Mohammed Salah','1991-11-17','Egypt','Liverpool FC',10);
insert into player values('PQR011','Harry Kane','1994-06-28','England','Tottenham',10);
insert into player values('PQR012','Huen Min Son','1992-09-02','South Korea','Tottenham',7);
insert into player values('PQR013','James Maddison','1998-07-18','England','Leicester City',12);


insert into player_stat values('PQR000', 'ST', 4, 2, 0,1,0);
insert into player_stat values('PQR001', 'ST', 3, 3, 0,0,0);
insert into player_stat values('PQR002', 'CAM', 3, 1, 0,2,0);
insert into player_stat values('PQR003', 'ST', 1, 2, 0,0,0);
insert into player_stat values('PQR004', 'LW', 1, 0, 0,0,0);
insert into player_stat values('PQR005', 'RW', 4, 0, 1,0,1);
insert into player_stat values('PQR006', 'CM', 3, 2, 0,1,1);
insert into player_stat values('PQR007', 'ST', 4, 5, 0,2,0);
insert into player_stat values('PQR008', 'CM', 4, 1, 0,3,1);
insert into player_stat values('PQR009', 'ST', 4, 1, 0,0,0);
insert into player_stat values('PQR010', 'RW', 3, 3, 0,1,0);
insert into player_stat values('PQR011', 'ST', 1, 2, 0,0,0);
insert into player_stat values('PQR012', 'CAM', 4, 2, 0,3,1);
insert into player_stat values('PQR013', 'ST', 4, 0, 0,2,0);

insert into broadcaster_info values('IJK000','Sky Sports');
insert into broadcaster_info values('IJK001','BEIN Sports');
insert into broadcaster_info values('IJK002','FOX sports');
insert into broadcaster_info values('IJK003','Star Sports');
insert into broadcaster_info values('IJK004','CNN Sports');
insert into broadcaster_info values('IJK005','ESPN');
